{"cameraMode":{"drawMode":0,"name":"Shaded","section":"Shading Mode"},"sceneLighting":true,"audioPlay":false,"sceneViewState":{"showFog":true,"showMaterialUpdate":false,"showSkybox":true,"showFlares":true,"showImageEffects":true,"showParticleSystems":true},"in2DMode":false,"pivot":{"x":-5.543125629425049,"y":-11.111536026000977,"z":-17.34717559814453},"rotation":{"x":0.04492184892296791,"y":-0.9519583582878113,"z":0.24999752640724183,"w":0.17119291424751283},"size":13.022601127624512,"orthographic":false}