{"cameraMode":{"drawMode":0,"name":"Shaded","section":"Shading Mode"},"sceneLighting":true,"audioPlay":false,"sceneViewState":{"showFog":true,"showMaterialUpdate":false,"showSkybox":true,"showFlares":true,"showImageEffects":true,"showParticleSystems":true},"in2DMode":false,"pivot":{"x":10.540435791015625,"y":-4.100613594055176,"z":-15.142600059509278},"rotation":{"x":0.10452412813901901,"y":0.8899129629135132,"z":-0.2566736340522766,"w":0.3623417317867279},"size":10.0,"orthographic":false}